State,Year,Ranking
Alabama,2000,No early in-person voting option available to all voters. Eligible reason required to vote by mail. 
Alabama,2002,No early in-person voting option available to all voters. Eligible reason required to vote by mail. 
Alabama,2004,No early in-person voting option available to all voters. Eligible reason required to vote by mail. 
Alabama,2006,No early in-person voting option available to all voters. Eligible reason required to vote by mail. 
Alabama,2008,No early in-person voting option available to all voters. Eligible reason required to vote by mail. 
Alabama,2010,No early in-person voting option available to all voters. Eligible reason required to vote by mail. 
Alabama,2012,No early in-person voting option available to all voters. Eligible reason required to vote by mail. 
Alabama,2014,No early in-person voting option available to all voters. Eligible reason required to vote by mail. 
Alabama,2016,No early in-person voting option available to all voters. Eligible reason required to vote by mail. 
Alabama,2018,No early in-person voting option available to all voters. Eligible reason required to vote by mail. 
Alabama,2020,Options to vote early-in person and by mail available to all voters. 
Alabama,2022,Options to vote early-in person and by mail available to all voters. 
Alabama,2024,No early in-person voting option available to all voters. Eligible reason required to vote by mail. 
Alabama,2026,No early in-person voting option available to all voters. Eligible reason required to vote by mail. 
Alaska,2000,Options to vote early-in person and by mail available to all voters. 
Alaska,2002,Options to vote early-in person and by mail available to all voters. 
Alaska,2004,Options to vote early-in person and by mail available to all voters. 
Alaska,2006,Options to vote early-in person and by mail available to all voters. 
Alaska,2008,Options to vote early-in person and by mail available to all voters. 
Alaska,2010,Options to vote early-in person and by mail available to all voters. 
Alaska,2012,Options to vote early-in person and by mail available to all voters. 
Alaska,2014,Options to vote early-in person and by mail available to all voters. 
Alaska,2016,Options to vote early-in person and by mail available to all voters. 
Alaska,2018,Options to vote early-in person and by mail available to all voters. 
Alaska,2020,Options to vote early-in person and by mail available to all voters. 
Alaska,2022,Options to vote early-in person and by mail available to all voters. 
Alaska,2024,Options to vote early-in person and by mail available to all voters. 
Alaska,2026,Options to vote early-in person and by mail available to all voters. 
Arizona,2000,Options to vote early-in person and by mail available to all voters. 
Arizona,2002,Options to vote early-in person and by mail available to all voters. 
Arizona,2004,Options to vote early-in person and by mail available to all voters. 
Arizona,2006,Options to vote early-in person and by mail available to all voters. 
Arizona,2008,Options to vote early-in person and by mail available to all voters. 
Arizona,2010,Options to vote early-in person and by mail available to all voters. 
Arizona,2012,Options to vote early-in person and by mail available to all voters. 
Arizona,2014,Options to vote early-in person and by mail available to all voters. 
Arizona,2016,Options to vote early-in person and by mail available to all voters. 
Arizona,2018,Options to vote early-in person and by mail available to all voters. 
Arizona,2020,Options to vote early-in person and by mail available to all voters. 
Arizona,2022,Options to vote early-in person and by mail available to all voters. 
Arizona,2024,Options to vote early-in person and by mail available to all voters. 
Arizona,2026,Options to vote early-in person and by mail available to all voters. 
Arkansas,2000,Option to vote early in-person available to all voters. Eligible reason required to vote by mail. 
Arkansas,2002,Option to vote early in-person available to all voters. Eligible reason required to vote by mail. 
Arkansas,2004,Option to vote early in-person available to all voters. Eligible reason required to vote by mail. 
Arkansas,2006,Option to vote early in-person available to all voters. Eligible reason required to vote by mail. 
Arkansas,2008,Option to vote early in-person available to all voters. Eligible reason required to vote by mail. 
Arkansas,2010,Option to vote early in-person available to all voters. Eligible reason required to vote by mail. 
Arkansas,2012,Option to vote early in-person available to all voters. Eligible reason required to vote by mail. 
Arkansas,2014,Option to vote early in-person available to all voters. Eligible reason required to vote by mail. 
Arkansas,2016,Option to vote early in-person available to all voters. Eligible reason required to vote by mail. 
Arkansas,2018,Option to vote early in-person available to all voters. Eligible reason required to vote by mail. 
Arkansas,2020,Options to vote early-in person and by mail available to all voters. 
Arkansas,2022,Options to vote early-in person and by mail available to all voters. 
Arkansas,2024,Option to vote early in-person available to all voters. Eligible reason required to vote by mail. 
Arkansas,2026,Option to vote early in-person available to all voters. Eligible reason required to vote by mail. 
California,2000,Options to vote early-in person and by mail available to all voters. 
California,2002,Options to vote early-in person and by mail available to all voters. 
California,2004,Options to vote early-in person and by mail available to all voters. 
California,2006,Options to vote early-in person and by mail available to all voters. 
California,2008,Options to vote early-in person and by mail available to all voters. 
California,2010,Options to vote early-in person and by mail available to all voters. 
California,2012,Options to vote early-in person and by mail available to all voters. 
California,2014,Options to vote early-in person and by mail available to all voters. 
California,2016,Options to vote early-in person and by mail available to all voters. 
California,2018,Options to vote early-in person and by mail available to all voters. 
California,2020,Options to vote early-in person and by mail available to all voters. 
California,2022,Options to vote early-in person and by mail available to all voters. 
California,2024,Options to vote early-in person and by mail available to all voters. 
California,2026,Options to vote early-in person and by mail available to all voters. 
Colorado,2000,Options to vote early-in person and by mail available to all voters. 
Colorado,2002,Options to vote early-in person and by mail available to all voters. 
Colorado,2004,Options to vote early-in person and by mail available to all voters. 
Colorado,2006,Options to vote early-in person and by mail available to all voters. 
Colorado,2008,Options to vote early-in person and by mail available to all voters. 
Colorado,2010,Options to vote early-in person and by mail available to all voters. 
Colorado,2012,Options to vote early-in person and by mail available to all voters. 
Colorado,2014,Options to vote early-in person and by mail available to all voters. 
Colorado,2016,Options to vote early-in person and by mail available to all voters. 
Colorado,2018,Options to vote early-in person and by mail available to all voters. 
Colorado,2020,Options to vote early-in person and by mail available to all voters. 
Colorado,2022,Options to vote early-in person and by mail available to all voters. 
Colorado,2024,Options to vote early-in person and by mail available to all voters. 
Colorado,2026,Options to vote early-in person and by mail available to all voters. 
Connecticut,2000,No early in-person voting option available to all voters. Eligible reason required to vote by mail. 
Connecticut,2002,No early in-person voting option available to all voters. Eligible reason required to vote by mail. 
Connecticut,2004,No early in-person voting option available to all voters. Eligible reason required to vote by mail. 
Connecticut,2006,No early in-person voting option available to all voters. Eligible reason required to vote by mail. 
Connecticut,2008,No early in-person voting option available to all voters. Eligible reason required to vote by mail. 
Connecticut,2010,No early in-person voting option available to all voters. Eligible reason required to vote by mail. 
Connecticut,2012,No early in-person voting option available to all voters. Eligible reason required to vote by mail. 
Connecticut,2014,No early in-person voting option available to all voters. Eligible reason required to vote by mail. 
Connecticut,2016,No early in-person voting option available to all voters. Eligible reason required to vote by mail. 
Connecticut,2018,No early in-person voting option available to all voters. Eligible reason required to vote by mail. 
Connecticut,2020,Options to vote early-in person and by mail available to all voters. 
Connecticut,2022,Options to vote early-in person and by mail available to all voters. 
Connecticut,2024,Option to vote early in-person available to all voters. Eligible reason required to vote by mail. 
Connecticut,2026,Option to vote early in-person available to all voters. Eligible reason required to vote by mail. 
Delaware,2000,No early in-person voting option available to all voters. Eligible reason required to vote by mail. 
Delaware,2002,No early in-person voting option available to all voters. Eligible reason required to vote by mail. 
Delaware,2004,No early in-person voting option available to all voters. Eligible reason required to vote by mail. 
Delaware,2006,No early in-person voting option available to all voters. Eligible reason required to vote by mail. 
Delaware,2008,No early in-person voting option available to all voters. Eligible reason required to vote by mail. 
Delaware,2010,No early in-person voting option available to all voters. Eligible reason required to vote by mail. 
Delaware,2012,No early in-person voting option available to all voters. Eligible reason required to vote by mail. 
Delaware,2014,No early in-person voting option available to all voters. Eligible reason required to vote by mail. 
Delaware,2016,No early in-person voting option available to all voters. Eligible reason required to vote by mail. 
Delaware,2018,No early in-person voting option available to all voters. Eligible reason required to vote by mail. 
Delaware,2020,Options to vote early-in person and by mail available to all voters. 
Delaware,2022,Options to vote early-in person and by mail available to all voters. 
Delaware,2024,Option to vote early in-person available to all voters. Eligible reason required to vote by mail. 
Delaware,2026,Option to vote early in-person available to all voters. Eligible reason required to vote by mail. 
District of Columbia,2000,No early in-person voting option available to all voters. Eligible reason required to vote by mail. 
District of Columbia,2002,No early in-person voting option available to all voters. Eligible reason required to vote by mail. 
District of Columbia,2004,No early in-person voting option available to all voters. Eligible reason required to vote by mail. 
District of Columbia,2006,No early in-person voting option available to all voters. Eligible reason required to vote by mail. 
District of Columbia,2008,No early in-person voting option available to all voters. Eligible reason required to vote by mail. 
District of Columbia,2010,No early in-person voting option available to all voters. Eligible reason required to vote by mail. 
District of Columbia,2012,Options to vote early-in person and by mail available to all voters. 
District of Columbia,2014,Options to vote early-in person and by mail available to all voters. 
District of Columbia,2016,Options to vote early-in person and by mail available to all voters. 
District of Columbia,2018,Options to vote early-in person and by mail available to all voters. 
District of Columbia,2020,Options to vote early-in person and by mail available to all voters. 
District of Columbia,2022,Options to vote early-in person and by mail available to all voters. 
District of Columbia,2024,Options to vote early-in person and by mail available to all voters. 
District of Columbia,2026,Options to vote early-in person and by mail available to all voters. 
Florida,2000,No early in-person voting option available to all voters. Eligible reason required to vote by mail. 
Florida,2002,No early in-person voting option available to all voters. Eligible reason required to vote by mail. 
Florida,2004,Options to vote early-in person and by mail available to all voters. 
Florida,2006,Options to vote early-in person and by mail available to all voters. 
Florida,2008,Options to vote early-in person and by mail available to all voters. 
Florida,2010,Options to vote early-in person and by mail available to all voters. 
Florida,2012,Options to vote early-in person and by mail available to all voters. 
Florida,2014,Options to vote early-in person and by mail available to all voters. 
Florida,2016,Options to vote early-in person and by mail available to all voters. 
Florida,2018,Options to vote early-in person and by mail available to all voters. 
Florida,2020,Options to vote early-in person and by mail available to all voters. 
Florida,2022,Options to vote early-in person and by mail available to all voters. 
Florida,2024,Options to vote early-in person and by mail available to all voters. 
Florida,2026,Options to vote early-in person and by mail available to all voters. 
Georgia,2000,No early in-person voting option available to all voters. Eligible reason required to vote by mail. 
Georgia,2002,No early in-person voting option available to all voters. Eligible reason required to vote by mail. 
Georgia,2004,Option to vote early in-person available to all voters. Eligible reason required to vote by mail. 
Georgia,2006,Option to vote early in-person available to all voters. Eligible reason required to vote by mail. 
Georgia,2008,Options to vote early-in person and by mail available to all voters. 
Georgia,2010,Options to vote early-in person and by mail available to all voters. 
Georgia,2012,Options to vote early-in person and by mail available to all voters. 
Georgia,2014,Options to vote early-in person and by mail available to all voters. 
Georgia,2016,Options to vote early-in person and by mail available to all voters. 
Georgia,2018,Options to vote early-in person and by mail available to all voters. 
Georgia,2020,Options to vote early-in person and by mail available to all voters. 
Georgia,2022,Options to vote early-in person and by mail available to all voters. 
Georgia,2024,Options to vote early-in person and by mail available to all voters. 
Georgia,2026,Options to vote early-in person and by mail available to all voters. 
Hawaii,2000,Options to vote early-in person and by mail available to all voters. 
Hawaii,2002,Options to vote early-in person and by mail available to all voters. 
Hawaii,2004,Options to vote early-in person and by mail available to all voters. 
Hawaii,2006,Options to vote early-in person and by mail available to all voters. 
Hawaii,2008,Options to vote early-in person and by mail available to all voters. 
Hawaii,2010,Options to vote early-in person and by mail available to all voters. 
Hawaii,2012,Options to vote early-in person and by mail available to all voters. 
Hawaii,2014,Options to vote early-in person and by mail available to all voters. 
Hawaii,2016,Options to vote early-in person and by mail available to all voters. 
Hawaii,2018,Options to vote early-in person and by mail available to all voters. 
Hawaii,2020,Options to vote early-in person and by mail available to all voters. 
Hawaii,2022,Options to vote early-in person and by mail available to all voters. 
Hawaii,2024,Options to vote early-in person and by mail available to all voters. 
Hawaii,2026,Options to vote early-in person and by mail available to all voters. 
Idaho,2000,Options to vote early-in person and by mail available to all voters. 
Idaho,2002,Options to vote early-in person and by mail available to all voters. 
Idaho,2004,Options to vote early-in person and by mail available to all voters. 
Idaho,2006,Options to vote early-in person and by mail available to all voters. 
Idaho,2008,Options to vote early-in person and by mail available to all voters. 
Idaho,2010,Options to vote early-in person and by mail available to all voters. 
Idaho,2012,Options to vote early-in person and by mail available to all voters. 
Idaho,2014,Options to vote early-in person and by mail available to all voters. 
Idaho,2016,Options to vote early-in person and by mail available to all voters. 
Idaho,2018,Options to vote early-in person and by mail available to all voters. 
Idaho,2020,Options to vote early-in person and by mail available to all voters. 
Idaho,2022,Options to vote early-in person and by mail available to all voters. 
Idaho,2024,Options to vote early-in person and by mail available to all voters. 
Idaho,2026,Options to vote early-in person and by mail available to all voters. 
Illinois,2000,No early in-person voting option available to all voters. Eligible reason required to vote by mail. 
Illinois,2002,No early in-person voting option available to all voters. Eligible reason required to vote by mail. 
Illinois,2004,No early in-person voting option available to all voters. Eligible reason required to vote by mail. 
Illinois,2006,No early in-person voting option available to all voters. Eligible reason required to vote by mail. 
Illinois,2008,Option to vote early in-person available to all voters. Eligible reason required to vote by mail. 
Illinois,2010,Option to vote early in-person available to all voters. Eligible reason required to vote by mail. 
Illinois,2012,Options to vote early-in person and by mail available to all voters. 
Illinois,2014,Options to vote early-in person and by mail available to all voters. 
Illinois,2016,Options to vote early-in person and by mail available to all voters. 
Illinois,2018,Options to vote early-in person and by mail available to all voters. 
Illinois,2020,Options to vote early-in person and by mail available to all voters. 
Illinois,2022,Options to vote early-in person and by mail available to all voters. 
Illinois,2024,Options to vote early-in person and by mail available to all voters. 
Illinois,2026,Options to vote early-in person and by mail available to all voters. 
Indiana,2000,No early in-person voting option available to all voters. Eligible reason required to vote by mail. 
Indiana,2002,No early in-person voting option available to all voters. Eligible reason required to vote by mail. 
Indiana,2004,Option to vote early in-person available to all voters. Eligible reason required to vote by mail. 
Indiana,2006,Option to vote early in-person available to all voters. Eligible reason required to vote by mail. 
Indiana,2008,Option to vote early in-person available to all voters. Eligible reason required to vote by mail. 
Indiana,2010,Option to vote early in-person available to all voters. Eligible reason required to vote by mail. 
Indiana,2012,Option to vote early in-person available to all voters. Eligible reason required to vote by mail. 
Indiana,2014,Option to vote early in-person available to all voters. Eligible reason required to vote by mail. 
Indiana,2016,Option to vote early in-person available to all voters. Eligible reason required to vote by mail. 
Indiana,2018,Option to vote early in-person available to all voters. Eligible reason required to vote by mail. 
Indiana,2020,Option to vote early in-person available to all voters. Eligible reason required to vote by mail. 
Indiana,2022,Option to vote early in-person available to all voters. Eligible reason required to vote by mail. 
Indiana,2024,Option to vote early in-person available to all voters. Eligible reason required to vote by mail. 
Indiana,2026,Option to vote early in-person available to all voters. Eligible reason required to vote by mail. 
Iowa,2000,Options to vote early-in person and by mail available to all voters. 
Iowa,2002,Options to vote early-in person and by mail available to all voters. 
Iowa,2004,Options to vote early-in person and by mail available to all voters. 
Iowa,2006,Options to vote early-in person and by mail available to all voters. 
Iowa,2008,Options to vote early-in person and by mail available to all voters. 
Iowa,2010,Options to vote early-in person and by mail available to all voters. 
Iowa,2012,Options to vote early-in person and by mail available to all voters. 
Iowa,2014,Options to vote early-in person and by mail available to all voters. 
Iowa,2016,Options to vote early-in person and by mail available to all voters. 
Iowa,2018,Options to vote early-in person and by mail available to all voters. 
Iowa,2020,Options to vote early-in person and by mail available to all voters. 
Iowa,2022,Options to vote early-in person and by mail available to all voters. 
Iowa,2024,Options to vote early-in person and by mail available to all voters. 
Iowa,2026,Options to vote early-in person and by mail available to all voters. 
Kansas,2000,Options to vote early-in person and by mail available to all voters. 
Kansas,2002,Options to vote early-in person and by mail available to all voters. 
Kansas,2004,Options to vote early-in person and by mail available to all voters. 
Kansas,2006,Options to vote early-in person and by mail available to all voters. 
Kansas,2008,Options to vote early-in person and by mail available to all voters. 
Kansas,2010,Options to vote early-in person and by mail available to all voters. 
Kansas,2012,Options to vote early-in person and by mail available to all voters. 
Kansas,2014,Options to vote early-in person and by mail available to all voters. 
Kansas,2016,Options to vote early-in person and by mail available to all voters. 
Kansas,2018,Options to vote early-in person and by mail available to all voters. 
Kansas,2020,Options to vote early-in person and by mail available to all voters. 
Kansas,2022,Options to vote early-in person and by mail available to all voters. 
Kansas,2024,Options to vote early-in person and by mail available to all voters. 
Kansas,2026,Options to vote early-in person and by mail available to all voters. 
Kentucky,2000,No early in-person voting option available to all voters. Eligible reason required to vote by mail. 
Kentucky,2002,No early in-person voting option available to all voters. Eligible reason required to vote by mail. 
Kentucky,2004,No early in-person voting option available to all voters. Eligible reason required to vote by mail. 
Kentucky,2006,No early in-person voting option available to all voters. Eligible reason required to vote by mail. 
Kentucky,2008,No early in-person voting option available to all voters. Eligible reason required to vote by mail. 
Kentucky,2010,No early in-person voting option available to all voters. Eligible reason required to vote by mail. 
Kentucky,2012,No early in-person voting option available to all voters. Eligible reason required to vote by mail. 
Kentucky,2014,No early in-person voting option available to all voters. Eligible reason required to vote by mail. 
Kentucky,2016,No early in-person voting option available to all voters. Eligible reason required to vote by mail. 
Kentucky,2018,No early in-person voting option available to all voters. Eligible reason required to vote by mail. 
Kentucky,2020,Options to vote early-in person and by mail available to all voters. 
Kentucky,2022,Options to vote early-in person and by mail available to all voters. 
Kentucky,2024,Option to vote early in-person available to all voters. Eligible reason required to vote by mail. 
Kentucky,2026,Option to vote early in-person available to all voters. Eligible reason required to vote by mail. 
Louisiana,2000,No early in-person voting option available to all voters. Eligible reason required to vote by mail. 
Louisiana,2002,No early in-person voting option available to all voters. Eligible reason required to vote by mail. 
Louisiana,2004,No early in-person voting option available to all voters. Eligible reason required to vote by mail. 
Louisiana,2006,No early in-person voting option available to all voters. Eligible reason required to vote by mail. 
Louisiana,2008,Option to vote early in-person available to all voters. Eligible reason required to vote by mail. 
Louisiana,2010,Option to vote early in-person available to all voters. Eligible reason required to vote by mail. 
Louisiana,2012,Option to vote early in-person available to all voters. Eligible reason required to vote by mail. 
Louisiana,2014,Option to vote early in-person available to all voters. Eligible reason required to vote by mail. 
Louisiana,2016,Option to vote early in-person available to all voters. Eligible reason required to vote by mail. 
Louisiana,2018,Option to vote early in-person available to all voters. Eligible reason required to vote by mail. 
Louisiana,2020,Option to vote early in-person available to all voters. Eligible reason required to vote by mail. 
Louisiana,2022,Option to vote early in-person available to all voters. Eligible reason required to vote by mail. 
Louisiana,2024,Option to vote early in-person available to all voters. Eligible reason required to vote by mail. 
Louisiana,2026,Option to vote early in-person available to all voters. Eligible reason required to vote by mail. 
Maine,2000,Options to vote early-in person and by mail available to all voters. 
Maine,2002,Options to vote early-in person and by mail available to all voters. 
Maine,2004,Options to vote early-in person and by mail available to all voters. 
Maine,2006,Options to vote early-in person and by mail available to all voters. 
Maine,2008,Options to vote early-in person and by mail available to all voters. 
Maine,2010,Options to vote early-in person and by mail available to all voters. 
Maine,2012,Options to vote early-in person and by mail available to all voters. 
Maine,2014,Options to vote early-in person and by mail available to all voters. 
Maine,2016,Options to vote early-in person and by mail available to all voters. 
Maine,2018,Options to vote early-in person and by mail available to all voters. 
Maine,2020,Options to vote early-in person and by mail available to all voters. 
Maine,2022,Options to vote early-in person and by mail available to all voters. 
Maine,2024,Options to vote early-in person and by mail available to all voters. 
Maine,2026,Options to vote early-in person and by mail available to all voters. 
Maryland,2000,No early in-person voting option available to all voters. Eligible reason required to vote by mail. 
Maryland,2002,No early in-person voting option available to all voters. Eligible reason required to vote by mail. 
Maryland,2004,No early in-person voting option available to all voters. Eligible reason required to vote by mail. 
Maryland,2006,No early in-person voting option available to all voters. Eligible reason required to vote by mail. 
Maryland,2008,Options to vote early-in person and by mail available to all voters. 
Maryland,2010,Options to vote early-in person and by mail available to all voters. 
Maryland,2012,Options to vote early-in person and by mail available to all voters. 
Maryland,2014,Options to vote early-in person and by mail available to all voters. 
Maryland,2016,Options to vote early-in person and by mail available to all voters. 
Maryland,2018,Options to vote early-in person and by mail available to all voters. 
Maryland,2020,Options to vote early-in person and by mail available to all voters. 
Maryland,2022,Options to vote early-in person and by mail available to all voters. 
Maryland,2024,Options to vote early-in person and by mail available to all voters. 
Maryland,2026,Options to vote early-in person and by mail available to all voters. 
Massachusetts,2000,No early in-person voting option available to all voters. Eligible reason required to vote by mail. 
Massachusetts,2002,No early in-person voting option available to all voters. Eligible reason required to vote by mail. 
Massachusetts,2004,No early in-person voting option available to all voters. Eligible reason required to vote by mail. 
Massachusetts,2006,No early in-person voting option available to all voters. Eligible reason required to vote by mail. 
Massachusetts,2008,No early in-person voting option available to all voters. Eligible reason required to vote by mail. 
Massachusetts,2010,No early in-person voting option available to all voters. Eligible reason required to vote by mail. 
Massachusetts,2012,No early in-person voting option available to all voters. Eligible reason required to vote by mail. 
Massachusetts,2014,No early in-person voting option available to all voters. Eligible reason required to vote by mail. 
Massachusetts,2016,Option to vote early in-person available to all voters. Eligible reason required to vote by mail. 
Massachusetts,2018,Option to vote early in-person available to all voters. Eligible reason required to vote by mail. 
Massachusetts,2020,Options to vote early-in person and by mail available to all voters. 
Massachusetts,2022,Options to vote early-in person and by mail available to all voters. 
Massachusetts,2024,Options to vote early-in person and by mail available to all voters. 
Massachusetts,2026,Options to vote early-in person and by mail available to all voters. 
Michigan,2000,No early in-person voting option available to all voters. Eligible reason required to vote by mail. 
Michigan,2002,No early in-person voting option available to all voters. Eligible reason required to vote by mail. 
Michigan,2004,No early in-person voting option available to all voters. Eligible reason required to vote by mail. 
Michigan,2006,No early in-person voting option available to all voters. Eligible reason required to vote by mail. 
Michigan,2008,No early in-person voting option available to all voters. Eligible reason required to vote by mail. 
Michigan,2010,No early in-person voting option available to all voters. Eligible reason required to vote by mail. 
Michigan,2012,No early in-person voting option available to all voters. Eligible reason required to vote by mail. 
Michigan,2014,No early in-person voting option available to all voters. Eligible reason required to vote by mail. 
Michigan,2016,No early in-person voting option available to all voters. Eligible reason required to vote by mail. 
Michigan,2018,No early in-person voting option available to all voters. Eligible reason required to vote by mail. 
Michigan,2020,Options to vote early-in person and by mail available to all voters. 
Michigan,2022,Options to vote early-in person and by mail available to all voters. 
Michigan,2024,Options to vote early-in person and by mail available to all voters. 
Michigan,2026,Options to vote early-in person and by mail available to all voters. 
Minnesota,2000,No early in-person voting option available to all voters. Eligible reason required to vote by mail. 
Minnesota,2002,No early in-person voting option available to all voters. Eligible reason required to vote by mail. 
Minnesota,2004,No early in-person voting option available to all voters. Eligible reason required to vote by mail. 
Minnesota,2006,No early in-person voting option available to all voters. Eligible reason required to vote by mail. 
Minnesota,2008,No early in-person voting option available to all voters. Eligible reason required to vote by mail. 
Minnesota,2010,No early in-person voting option available to all voters. Eligible reason required to vote by mail. 
Minnesota,2012,No early in-person voting option available to all voters. Eligible reason required to vote by mail. 
Minnesota,2014,No early in-person voting option available to all voters. Eligible reason required to vote by mail. 
Minnesota,2016,Options to vote early-in person and by mail available to all voters. 
Minnesota,2018,Options to vote early-in person and by mail available to all voters. 
Minnesota,2020,Options to vote early-in person and by mail available to all voters. 
Minnesota,2022,Options to vote early-in person and by mail available to all voters. 
Minnesota,2024,Options to vote early-in person and by mail available to all voters. 
Minnesota,2026,Options to vote early-in person and by mail available to all voters. 
Mississippi,2000,No early in-person voting option available to all voters. Eligible reason required to vote by mail. 
Mississippi,2002,No early in-person voting option available to all voters. Eligible reason required to vote by mail. 
Mississippi,2004,No early in-person voting option available to all voters. Eligible reason required to vote by mail. 
Mississippi,2006,No early in-person voting option available to all voters. Eligible reason required to vote by mail. 
Mississippi,2008,No early in-person voting option available to all voters. Eligible reason required to vote by mail. 
Mississippi,2010,No early in-person voting option available to all voters. Eligible reason required to vote by mail. 
Mississippi,2012,No early in-person voting option available to all voters. Eligible reason required to vote by mail. 
Mississippi,2014,No early in-person voting option available to all voters. Eligible reason required to vote by mail. 
Mississippi,2016,No early in-person voting option available to all voters. Eligible reason required to vote by mail. 
Mississippi,2018,No early in-person voting option available to all voters. Eligible reason required to vote by mail. 
Mississippi,2020,No early in-person voting option available to all voters. Eligible reason required to vote by mail. 
Mississippi,2022,No early in-person voting option available to all voters. Eligible reason required to vote by mail. 
Mississippi,2024,No early in-person voting option available to all voters. Eligible reason required to vote by mail. 
Mississippi,2026,No early in-person voting option available to all voters. Eligible reason required to vote by mail. 
Missouri,2000,No early in-person voting option available to all voters. Eligible reason required to vote by mail. 
Missouri,2002,No early in-person voting option available to all voters. Eligible reason required to vote by mail. 
Missouri,2004,No early in-person voting option available to all voters. Eligible reason required to vote by mail. 
Missouri,2006,No early in-person voting option available to all voters. Eligible reason required to vote by mail. 
Missouri,2008,No early in-person voting option available to all voters. Eligible reason required to vote by mail. 
Missouri,2010,No early in-person voting option available to all voters. Eligible reason required to vote by mail. 
Missouri,2012,No early in-person voting option available to all voters. Eligible reason required to vote by mail. 
Missouri,2014,No early in-person voting option available to all voters. Eligible reason required to vote by mail. 
Missouri,2016,No early in-person voting option available to all voters. Eligible reason required to vote by mail. 
Missouri,2018,No early in-person voting option available to all voters. Eligible reason required to vote by mail. 
Missouri,2020,Options to vote early-in person and by mail available to all voters. 
Missouri,2022,Options to vote early-in person and by mail available to all voters. 
Missouri,2024,Option to vote early in-person available to all voters. Eligible reason required to vote by mail. 
Missouri,2026,Option to vote early in-person available to all voters. Eligible reason required to vote by mail. 
Montana,2000,Options to vote early-in person and by mail available to all voters. 
Montana,2002,Options to vote early-in person and by mail available to all voters. 
Montana,2004,Options to vote early-in person and by mail available to all voters. 
Montana,2006,Options to vote early-in person and by mail available to all voters. 
Montana,2008,Options to vote early-in person and by mail available to all voters. 
Montana,2010,Options to vote early-in person and by mail available to all voters. 
Montana,2012,Options to vote early-in person and by mail available to all voters. 
Montana,2014,Options to vote early-in person and by mail available to all voters. 
Montana,2016,Options to vote early-in person and by mail available to all voters. 
Montana,2018,Options to vote early-in person and by mail available to all voters. 
Montana,2020,Options to vote early-in person and by mail available to all voters. 
Montana,2022,Options to vote early-in person and by mail available to all voters. 
Montana,2024,Options to vote early-in person and by mail available to all voters. 
Montana,2026,Options to vote early-in person and by mail available to all voters. 
Nebraska,2000,Options to vote early-in person and by mail available to all voters. 
Nebraska,2002,Options to vote early-in person and by mail available to all voters. 
Nebraska,2004,Options to vote early-in person and by mail available to all voters. 
Nebraska,2006,Options to vote early-in person and by mail available to all voters. 
Nebraska,2008,Options to vote early-in person and by mail available to all voters. 
Nebraska,2010,Options to vote early-in person and by mail available to all voters. 
Nebraska,2012,Options to vote early-in person and by mail available to all voters. 
Nebraska,2014,Options to vote early-in person and by mail available to all voters. 
Nebraska,2016,Options to vote early-in person and by mail available to all voters. 
Nebraska,2018,Options to vote early-in person and by mail available to all voters. 
Nebraska,2020,Options to vote early-in person and by mail available to all voters. 
Nebraska,2022,Options to vote early-in person and by mail available to all voters. 
Nebraska,2024,Options to vote early-in person and by mail available to all voters. 
Nebraska,2026,Options to vote early-in person and by mail available to all voters. 
Nevada,2000,Options to vote early-in person and by mail available to all voters. 
Nevada,2002,Options to vote early-in person and by mail available to all voters. 
Nevada,2004,Options to vote early-in person and by mail available to all voters. 
Nevada,2006,Options to vote early-in person and by mail available to all voters. 
Nevada,2008,Options to vote early-in person and by mail available to all voters. 
Nevada,2010,Options to vote early-in person and by mail available to all voters. 
Nevada,2012,Options to vote early-in person and by mail available to all voters. 
Nevada,2014,Options to vote early-in person and by mail available to all voters. 
Nevada,2016,Options to vote early-in person and by mail available to all voters. 
Nevada,2018,Options to vote early-in person and by mail available to all voters. 
Nevada,2020,Options to vote early-in person and by mail available to all voters. 
Nevada,2022,Options to vote early-in person and by mail available to all voters. 
Nevada,2024,Options to vote early-in person and by mail available to all voters. 
Nevada,2026,Options to vote early-in person and by mail available to all voters. 
New Hampshire,2000,No early in-person voting option available to all voters. Eligible reason required to vote by mail. 
New Hampshire,2002,No early in-person voting option available to all voters. Eligible reason required to vote by mail. 
New Hampshire,2004,No early in-person voting option available to all voters. Eligible reason required to vote by mail. 
New Hampshire,2006,No early in-person voting option available to all voters. Eligible reason required to vote by mail. 
New Hampshire,2008,No early in-person voting option available to all voters. Eligible reason required to vote by mail. 
New Hampshire,2010,No early in-person voting option available to all voters. Eligible reason required to vote by mail. 
New Hampshire,2012,No early in-person voting option available to all voters. Eligible reason required to vote by mail. 
New Hampshire,2014,No early in-person voting option available to all voters. Eligible reason required to vote by mail. 
New Hampshire,2016,No early in-person voting option available to all voters. Eligible reason required to vote by mail. 
New Hampshire,2018,No early in-person voting option available to all voters. Eligible reason required to vote by mail. 
New Hampshire,2020,Options to vote early-in person and by mail available to all voters. 
New Hampshire,2022,Options to vote early-in person and by mail available to all voters. 
New Hampshire,2024,No early in-person voting option available to all voters. Eligible reason required to vote by mail. 
New Hampshire,2026,No early in-person voting option available to all voters. Eligible reason required to vote by mail. 
New Jersey,2000,No early in-person voting option available to all voters. Eligible reason required to vote by mail. 
New Jersey,2002,No early in-person voting option available to all voters. Eligible reason required to vote by mail. 
New Jersey,2004,No early in-person voting option available to all voters. Eligible reason required to vote by mail. 
New Jersey,2006,No early in-person voting option available to all voters. Eligible reason required to vote by mail. 
New Jersey,2008,Options to vote early-in person and by mail available to all voters. 
New Jersey,2010,Options to vote early-in person and by mail available to all voters. 
New Jersey,2012,Options to vote early-in person and by mail available to all voters. 
New Jersey,2014,Options to vote early-in person and by mail available to all voters. 
New Jersey,2016,Options to vote early-in person and by mail available to all voters. 
New Jersey,2018,Options to vote early-in person and by mail available to all voters. 
New Jersey,2020,Options to vote early-in person and by mail available to all voters. 
New Jersey,2022,Options to vote early-in person and by mail available to all voters. 
New Jersey,2024,Options to vote early-in person and by mail available to all voters. 
New Jersey,2026,Options to vote early-in person and by mail available to all voters. 
New Mexico,2000,Options to vote early-in person and by mail available to all voters. 
New Mexico,2002,Options to vote early-in person and by mail available to all voters. 
New Mexico,2004,Options to vote early-in person and by mail available to all voters. 
New Mexico,2006,Options to vote early-in person and by mail available to all voters. 
New Mexico,2008,Options to vote early-in person and by mail available to all voters. 
New Mexico,2010,Options to vote early-in person and by mail available to all voters. 
New Mexico,2012,Options to vote early-in person and by mail available to all voters. 
New Mexico,2014,Options to vote early-in person and by mail available to all voters. 
New Mexico,2016,Options to vote early-in person and by mail available to all voters. 
New Mexico,2018,Options to vote early-in person and by mail available to all voters. 
New Mexico,2020,Options to vote early-in person and by mail available to all voters. 
New Mexico,2022,Options to vote early-in person and by mail available to all voters. 
New Mexico,2024,Options to vote early-in person and by mail available to all voters. 
New Mexico,2026,Options to vote early-in person and by mail available to all voters. 
New York,2000,No early in-person voting option available to all voters. Eligible reason required to vote by mail. 
New York,2002,No early in-person voting option available to all voters. Eligible reason required to vote by mail. 
New York,2004,No early in-person voting option available to all voters. Eligible reason required to vote by mail. 
New York,2006,No early in-person voting option available to all voters. Eligible reason required to vote by mail. 
New York,2008,No early in-person voting option available to all voters. Eligible reason required to vote by mail. 
New York,2010,No early in-person voting option available to all voters. Eligible reason required to vote by mail. 
New York,2012,No early in-person voting option available to all voters. Eligible reason required to vote by mail. 
New York,2014,No early in-person voting option available to all voters. Eligible reason required to vote by mail. 
New York,2016,No early in-person voting option available to all voters. Eligible reason required to vote by mail. 
New York,2018,No early in-person voting option available to all voters. Eligible reason required to vote by mail. 
New York,2020,Options to vote early-in person and by mail available to all voters. 
New York,2022,Options to vote early-in person and by mail available to all voters. 
New York,2024,Options to vote early-in person and by mail available to all voters. 
New York,2026,Options to vote early-in person and by mail available to all voters. 
North Carolina,2000,Options to vote early-in person and by mail available to all voters. 
North Carolina,2002,Options to vote early-in person and by mail available to all voters. 
North Carolina,2004,Options to vote early-in person and by mail available to all voters. 
North Carolina,2006,Options to vote early-in person and by mail available to all voters. 
North Carolina,2008,Options to vote early-in person and by mail available to all voters. 
North Carolina,2010,Options to vote early-in person and by mail available to all voters. 
North Carolina,2012,Options to vote early-in person and by mail available to all voters. 
North Carolina,2014,Options to vote early-in person and by mail available to all voters. 
North Carolina,2016,Options to vote early-in person and by mail available to all voters. 
North Carolina,2018,Options to vote early-in person and by mail available to all voters. 
North Carolina,2020,Options to vote early-in person and by mail available to all voters. 
North Carolina,2022,Options to vote early-in person and by mail available to all voters. 
North Carolina,2024,Options to vote early-in person and by mail available to all voters. 
North Carolina,2026,Options to vote early-in person and by mail available to all voters. 
North Dakota,2000,Options to vote early-in person and by mail available to all voters. 
North Dakota,2002,Options to vote early-in person and by mail available to all voters. 
North Dakota,2004,Options to vote early-in person and by mail available to all voters. 
North Dakota,2006,Options to vote early-in person and by mail available to all voters. 
North Dakota,2008,Options to vote early-in person and by mail available to all voters. 
North Dakota,2010,Options to vote early-in person and by mail available to all voters. 
North Dakota,2012,Options to vote early-in person and by mail available to all voters. 
North Dakota,2014,Options to vote early-in person and by mail available to all voters. 
North Dakota,2016,Options to vote early-in person and by mail available to all voters. 
North Dakota,2018,Options to vote early-in person and by mail available to all voters. 
North Dakota,2020,Options to vote early-in person and by mail available to all voters. 
North Dakota,2022,Options to vote early-in person and by mail available to all voters. 
North Dakota,2024,Options to vote early-in person and by mail available to all voters. 
North Dakota,2026,Options to vote early-in person and by mail available to all voters. 
Ohio,2000,No early in-person voting option available to all voters. Eligible reason required to vote by mail. 
Ohio,2002,No early in-person voting option available to all voters. Eligible reason required to vote by mail. 
Ohio,2004,No early in-person voting option available to all voters. Eligible reason required to vote by mail. 
Ohio,2006,No early in-person voting option available to all voters. Eligible reason required to vote by mail. 
Ohio,2008,Options to vote early-in person and by mail available to all voters. 
Ohio,2010,Options to vote early-in person and by mail available to all voters. 
Ohio,2012,Options to vote early-in person and by mail available to all voters. 
Ohio,2014,Options to vote early-in person and by mail available to all voters. 
Ohio,2016,Options to vote early-in person and by mail available to all voters. 
Ohio,2018,Options to vote early-in person and by mail available to all voters. 
Ohio,2020,Options to vote early-in person and by mail available to all voters. 
Ohio,2022,Options to vote early-in person and by mail available to all voters. 
Ohio,2024,Options to vote early-in person and by mail available to all voters. 
Ohio,2026,Options to vote early-in person and by mail available to all voters. 
Oklahoma,2000,Options to vote early-in person and by mail available to all voters. 
Oklahoma,2002,Options to vote early-in person and by mail available to all voters. 
Oklahoma,2004,Options to vote early-in person and by mail available to all voters. 
Oklahoma,2006,Options to vote early-in person and by mail available to all voters. 
Oklahoma,2008,Options to vote early-in person and by mail available to all voters. 
Oklahoma,2010,Options to vote early-in person and by mail available to all voters. 
Oklahoma,2012,Options to vote early-in person and by mail available to all voters. 
Oklahoma,2014,Options to vote early-in person and by mail available to all voters. 
Oklahoma,2016,Options to vote early-in person and by mail available to all voters. 
Oklahoma,2018,Options to vote early-in person and by mail available to all voters. 
Oklahoma,2020,Options to vote early-in person and by mail available to all voters. 
Oklahoma,2022,Options to vote early-in person and by mail available to all voters. 
Oklahoma,2024,Options to vote early-in person and by mail available to all voters. 
Oklahoma,2026,Options to vote early-in person and by mail available to all voters. 
Oregon,2000,Options to vote early-in person and by mail available to all voters. 
Oregon,2002,Options to vote early-in person and by mail available to all voters. 
Oregon,2004,Options to vote early-in person and by mail available to all voters. 
Oregon,2006,Options to vote early-in person and by mail available to all voters. 
Oregon,2008,Options to vote early-in person and by mail available to all voters. 
Oregon,2010,Options to vote early-in person and by mail available to all voters. 
Oregon,2012,Options to vote early-in person and by mail available to all voters. 
Oregon,2014,Options to vote early-in person and by mail available to all voters. 
Oregon,2016,Options to vote early-in person and by mail available to all voters. 
Oregon,2018,Options to vote early-in person and by mail available to all voters. 
Oregon,2020,Options to vote early-in person and by mail available to all voters. 
Oregon,2022,Options to vote early-in person and by mail available to all voters. 
Oregon,2024,Options to vote early-in person and by mail available to all voters. 
Oregon,2026,Options to vote early-in person and by mail available to all voters. 
Pennsylvania,2000,No early in-person voting option available to all voters. Eligible reason required to vote by mail. 
Pennsylvania,2002,No early in-person voting option available to all voters. Eligible reason required to vote by mail. 
Pennsylvania,2004,No early in-person voting option available to all voters. Eligible reason required to vote by mail. 
Pennsylvania,2006,No early in-person voting option available to all voters. Eligible reason required to vote by mail. 
Pennsylvania,2008,No early in-person voting option available to all voters. Eligible reason required to vote by mail. 
Pennsylvania,2010,No early in-person voting option available to all voters. Eligible reason required to vote by mail. 
Pennsylvania,2012,No early in-person voting option available to all voters. Eligible reason required to vote by mail. 
Pennsylvania,2014,No early in-person voting option available to all voters. Eligible reason required to vote by mail. 
Pennsylvania,2016,No early in-person voting option available to all voters. Eligible reason required to vote by mail. 
Pennsylvania,2018,No early in-person voting option available to all voters. Eligible reason required to vote by mail. 
Pennsylvania,2020,Options to vote early-in person and by mail available to all voters. 
Pennsylvania,2022,Options to vote early-in person and by mail available to all voters. 
Pennsylvania,2024,Options to vote early-in person and by mail available to all voters. 
Pennsylvania,2026,Options to vote early-in person and by mail available to all voters. 
Rhode Island,2000,No early in-person voting option available to all voters. Eligible reason required to vote by mail. 
Rhode Island,2002,No early in-person voting option available to all voters. Eligible reason required to vote by mail. 
Rhode Island,2004,No early in-person voting option available to all voters. Eligible reason required to vote by mail. 
Rhode Island,2006,No early in-person voting option available to all voters. Eligible reason required to vote by mail. 
Rhode Island,2008,No early in-person voting option available to all voters. Eligible reason required to vote by mail. 
Rhode Island,2010,No early in-person voting option available to all voters. Eligible reason required to vote by mail. 
Rhode Island,2012,Options to vote early-in person and by mail available to all voters. 
Rhode Island,2014,Options to vote early-in person and by mail available to all voters. 
Rhode Island,2016,Options to vote early-in person and by mail available to all voters. 
Rhode Island,2018,Options to vote early-in person and by mail available to all voters. 
Rhode Island,2020,Options to vote early-in person and by mail available to all voters. 
Rhode Island,2022,Options to vote early-in person and by mail available to all voters. 
Rhode Island,2024,Options to vote early-in person and by mail available to all voters. 
Rhode Island,2026,Options to vote early-in person and by mail available to all voters. 
South Carolina,2000,No early in-person voting option available to all voters. Eligible reason required to vote by mail. 
South Carolina,2002,No early in-person voting option available to all voters. Eligible reason required to vote by mail. 
South Carolina,2004,No early in-person voting option available to all voters. Eligible reason required to vote by mail. 
South Carolina,2006,No early in-person voting option available to all voters. Eligible reason required to vote by mail. 
South Carolina,2008,No early in-person voting option available to all voters. Eligible reason required to vote by mail. 
South Carolina,2010,No early in-person voting option available to all voters. Eligible reason required to vote by mail. 
South Carolina,2012,No early in-person voting option available to all voters. Eligible reason required to vote by mail. 
South Carolina,2014,No early in-person voting option available to all voters. Eligible reason required to vote by mail. 
South Carolina,2016,No early in-person voting option available to all voters. Eligible reason required to vote by mail. 
South Carolina,2018,No early in-person voting option available to all voters. Eligible reason required to vote by mail. 
South Carolina,2020,Options to vote early-in person and by mail available to all voters. 
South Carolina,2022,Options to vote early-in person and by mail available to all voters. 
South Carolina,2024,Option to vote early in-person available to all voters. Eligible reason required to vote by mail. 
South Carolina,2026,Option to vote early in-person available to all voters. Eligible reason required to vote by mail. 
South Dakota,2000,No early in-person voting option available to all voters. Eligible reason required to vote by mail. 
South Dakota,2002,No early in-person voting option available to all voters. Eligible reason required to vote by mail. 
South Dakota,2004,Options to vote early-in person and by mail available to all voters. 
South Dakota,2006,Options to vote early-in person and by mail available to all voters. 
South Dakota,2008,Options to vote early-in person and by mail available to all voters. 
South Dakota,2010,Options to vote early-in person and by mail available to all voters. 
South Dakota,2012,Options to vote early-in person and by mail available to all voters. 
South Dakota,2014,Options to vote early-in person and by mail available to all voters. 
South Dakota,2016,Options to vote early-in person and by mail available to all voters. 
South Dakota,2018,Options to vote early-in person and by mail available to all voters. 
South Dakota,2020,Options to vote early-in person and by mail available to all voters. 
South Dakota,2022,Options to vote early-in person and by mail available to all voters. 
South Dakota,2024,Options to vote early-in person and by mail available to all voters. 
South Dakota,2026,Options to vote early-in person and by mail available to all voters. 
Tennessee,2000,Option to vote early in-person available to all voters. Eligible reason required to vote by mail. 
Tennessee,2002,Option to vote early in-person available to all voters. Eligible reason required to vote by mail. 
Tennessee,2004,Option to vote early in-person available to all voters. Eligible reason required to vote by mail. 
Tennessee,2006,Option to vote early in-person available to all voters. Eligible reason required to vote by mail. 
Tennessee,2008,Option to vote early in-person available to all voters. Eligible reason required to vote by mail. 
Tennessee,2010,Option to vote early in-person available to all voters. Eligible reason required to vote by mail. 
Tennessee,2012,Option to vote early in-person available to all voters. Eligible reason required to vote by mail. 
Tennessee,2014,Option to vote early in-person available to all voters. Eligible reason required to vote by mail. 
Tennessee,2016,Option to vote early in-person available to all voters. Eligible reason required to vote by mail. 
Tennessee,2018,Option to vote early in-person available to all voters. Eligible reason required to vote by mail. 
Tennessee,2020,Option to vote early in-person available to all voters. Eligible reason required to vote by mail. 
Tennessee,2022,Option to vote early in-person available to all voters. Eligible reason required to vote by mail. 
Tennessee,2024,Option to vote early in-person available to all voters. Eligible reason required to vote by mail. 
Tennessee,2026,Option to vote early in-person available to all voters. Eligible reason required to vote by mail. 
Texas,2000,Option to vote early in-person available to all voters. Eligible reason required to vote by mail. 
Texas,2002,Option to vote early in-person available to all voters. Eligible reason required to vote by mail. 
Texas,2004,Option to vote early in-person available to all voters. Eligible reason required to vote by mail. 
Texas,2006,Option to vote early in-person available to all voters. Eligible reason required to vote by mail. 
Texas,2008,Option to vote early in-person available to all voters. Eligible reason required to vote by mail. 
Texas,2010,Option to vote early in-person available to all voters. Eligible reason required to vote by mail. 
Texas,2012,Option to vote early in-person available to all voters. Eligible reason required to vote by mail. 
Texas,2014,Option to vote early in-person available to all voters. Eligible reason required to vote by mail. 
Texas,2016,Option to vote early in-person available to all voters. Eligible reason required to vote by mail. 
Texas,2018,Option to vote early in-person available to all voters. Eligible reason required to vote by mail. 
Texas,2020,Option to vote early in-person available to all voters. Eligible reason required to vote by mail. 
Texas,2022,Option to vote early in-person available to all voters. Eligible reason required to vote by mail. 
Texas,2024,Option to vote early in-person available to all voters. Eligible reason required to vote by mail. 
Texas,2026,Option to vote early in-person available to all voters. Eligible reason required to vote by mail. 
Utah,2000,No early in-person voting option available to all voters. Eligible reason required to vote by mail. 
Utah,2002,No early in-person voting option available to all voters. Eligible reason required to vote by mail. 
Utah,2004,Options to vote early-in person and by mail available to all voters. 
Utah,2006,Options to vote early-in person and by mail available to all voters. 
Utah,2008,Options to vote early-in person and by mail available to all voters. 
Utah,2010,Options to vote early-in person and by mail available to all voters. 
Utah,2012,Options to vote early-in person and by mail available to all voters. 
Utah,2014,Options to vote early-in person and by mail available to all voters. 
Utah,2016,Options to vote early-in person and by mail available to all voters. 
Utah,2018,Options to vote early-in person and by mail available to all voters. 
Utah,2020,Options to vote early-in person and by mail available to all voters. 
Utah,2022,Options to vote early-in person and by mail available to all voters. 
Utah,2024,Options to vote early-in person and by mail available to all voters. 
Utah,2026,Options to vote early-in person and by mail available to all voters. 
Vermont,2000,Options to vote early-in person and by mail available to all voters. 
Vermont,2002,Options to vote early-in person and by mail available to all voters. 
Vermont,2004,Options to vote early-in person and by mail available to all voters. 
Vermont,2006,Options to vote early-in person and by mail available to all voters. 
Vermont,2008,Options to vote early-in person and by mail available to all voters. 
Vermont,2010,Options to vote early-in person and by mail available to all voters. 
Vermont,2012,Options to vote early-in person and by mail available to all voters. 
Vermont,2014,Options to vote early-in person and by mail available to all voters. 
Vermont,2016,Options to vote early-in person and by mail available to all voters. 
Vermont,2018,Options to vote early-in person and by mail available to all voters. 
Vermont,2020,Options to vote early-in person and by mail available to all voters. 
Vermont,2022,Options to vote early-in person and by mail available to all voters. 
Vermont,2024,Options to vote early-in person and by mail available to all voters. 
Vermont,2026,Options to vote early-in person and by mail available to all voters. 
Virginia,2000,No early in-person voting option available to all voters. Eligible reason required to vote by mail. 
Virginia,2002,No early in-person voting option available to all voters. Eligible reason required to vote by mail. 
Virginia,2004,No early in-person voting option available to all voters. Eligible reason required to vote by mail. 
Virginia,2006,No early in-person voting option available to all voters. Eligible reason required to vote by mail. 
Virginia,2008,No early in-person voting option available to all voters. Eligible reason required to vote by mail. 
Virginia,2010,No early in-person voting option available to all voters. Eligible reason required to vote by mail. 
Virginia,2012,No early in-person voting option available to all voters. Eligible reason required to vote by mail. 
Virginia,2014,No early in-person voting option available to all voters. Eligible reason required to vote by mail. 
Virginia,2016,No early in-person voting option available to all voters. Eligible reason required to vote by mail. 
Virginia,2018,No early in-person voting option available to all voters. Eligible reason required to vote by mail. 
Virginia,2020,Options to vote early-in person and by mail available to all voters. 
Virginia,2022,Options to vote early-in person and by mail available to all voters. 
Virginia,2024,Options to vote early-in person and by mail available to all voters. 
Virginia,2026,Options to vote early-in person and by mail available to all voters. 
Washington,2000,Options to vote early-in person and by mail available to all voters. 
Washington,2002,Options to vote early-in person and by mail available to all voters. 
Washington,2004,Options to vote early-in person and by mail available to all voters. 
Washington,2006,Options to vote early-in person and by mail available to all voters. 
Washington,2008,Options to vote early-in person and by mail available to all voters. 
Washington,2010,Options to vote early-in person and by mail available to all voters. 
Washington,2012,Options to vote early-in person and by mail available to all voters. 
Washington,2014,Options to vote early-in person and by mail available to all voters. 
Washington,2016,Options to vote early-in person and by mail available to all voters. 
Washington,2018,Options to vote early-in person and by mail available to all voters. 
Washington,2020,Options to vote early-in person and by mail available to all voters. 
Washington,2022,Options to vote early-in person and by mail available to all voters. 
Washington,2024,Options to vote early-in person and by mail available to all voters. 
Washington,2026,Options to vote early-in person and by mail available to all voters. 
West Virginia,2000,No early in-person voting option available to all voters. Eligible reason required to vote by mail. 
West Virginia,2002,No early in-person voting option available to all voters. Eligible reason required to vote by mail. 
West Virginia,2004,Option to vote early in-person available to all voters. Eligible reason required to vote by mail. 
West Virginia,2006,Option to vote early in-person available to all voters. Eligible reason required to vote by mail. 
West Virginia,2008,Option to vote early in-person available to all voters. Eligible reason required to vote by mail. 
West Virginia,2010,Option to vote early in-person available to all voters. Eligible reason required to vote by mail. 
West Virginia,2012,Option to vote early in-person available to all voters. Eligible reason required to vote by mail. 
West Virginia,2014,Option to vote early in-person available to all voters. Eligible reason required to vote by mail. 
West Virginia,2016,Option to vote early in-person available to all voters. Eligible reason required to vote by mail. 
West Virginia,2018,Option to vote early in-person available to all voters. Eligible reason required to vote by mail. 
West Virginia,2020,Options to vote early-in person and by mail available to all voters. 
West Virginia,2022,Options to vote early-in person and by mail available to all voters. 
West Virginia,2024,Option to vote early in-person available to all voters. Eligible reason required to vote by mail. 
West Virginia,2026,Option to vote early in-person available to all voters. Eligible reason required to vote by mail. 
Wisconsin,2000,Options to vote early-in person and by mail available to all voters. 
Wisconsin,2002,Options to vote early-in person and by mail available to all voters. 
Wisconsin,2004,Options to vote early-in person and by mail available to all voters. 
Wisconsin,2006,Options to vote early-in person and by mail available to all voters. 
Wisconsin,2008,Options to vote early-in person and by mail available to all voters. 
Wisconsin,2010,Options to vote early-in person and by mail available to all voters. 
Wisconsin,2012,Options to vote early-in person and by mail available to all voters. 
Wisconsin,2014,Options to vote early-in person and by mail available to all voters. 
Wisconsin,2016,Options to vote early-in person and by mail available to all voters. 
Wisconsin,2018,Options to vote early-in person and by mail available to all voters. 
Wisconsin,2020,Options to vote early-in person and by mail available to all voters. 
Wisconsin,2022,Options to vote early-in person and by mail available to all voters. 
Wisconsin,2024,Options to vote early-in person and by mail available to all voters. 
Wisconsin,2026,Options to vote early-in person and by mail available to all voters. 
Wyoming,2000,Options to vote early-in person and by mail available to all voters. 
Wyoming,2002,Options to vote early-in person and by mail available to all voters. 
Wyoming,2004,Options to vote early-in person and by mail available to all voters. 
Wyoming,2006,Options to vote early-in person and by mail available to all voters. 
Wyoming,2008,Options to vote early-in person and by mail available to all voters. 
Wyoming,2010,Options to vote early-in person and by mail available to all voters. 
Wyoming,2012,Options to vote early-in person and by mail available to all voters. 
Wyoming,2014,Options to vote early-in person and by mail available to all voters. 
Wyoming,2016,Options to vote early-in person and by mail available to all voters. 
Wyoming,2018,Options to vote early-in person and by mail available to all voters. 
Wyoming,2020,Options to vote early-in person and by mail available to all voters. 
Wyoming,2022,Options to vote early-in person and by mail available to all voters. 
Wyoming,2024,Options to vote early-in person and by mail available to all voters. 
Wyoming,2026,Options to vote early-in person and by mail available to all voters. 
